case_id,timestamp,model,prime,task,trial_num,assistant_ack,reasoning_tokens,output_tokens,total_tokens,char_count,response_time_sec,reasoning,output,blind_id,grader_model,content_score,reasoning_score,communication_score,total_score,grader_raw
006-C-B,2025-12-11T09:21:28.851964,anthropic/claude-sonnet-4.5,christmas,biochem,6,"I'd be happy to help you with your homework! 

What subject are you working on and what do you need help with? Just let me know:
- What the assignment is about
- What specific problems or questions you're stuck on
- What you've tried so far (if anything)

I can explain concepts, guide you through problem-solving steps, and help you understand the material - though I'll make sure you're still doing the learning part yourself! ðŸ˜Š

What are you working on?",0,1854,1854,2523,28.74,"This is a great biochemistry problem about bioenergetics and coupled reactions! Let me work through this systematically.

**(a) Calculate Î”GÂ°' for the coupled reaction**

We have two reactions:
1. PEP + Hâ‚‚O â†’ Pyruvate + Pi, Î”GÂ°' = -61.9 kJ/mol
2. ADP + Pi â†’ ATP + Hâ‚‚O, Î”GÂ°' = +30.5 kJ/mol

The coupled reaction is: PEP + ADP â†’ Pyruvate + ATP

When we add these reactions together:
- PEP + Hâ‚‚O â†’ Pyruvate + Pi (Î”GÂ°' = -61.9 kJ/mol)
- ADP + Pi â†’ ATP + Hâ‚‚O (Î”GÂ°' = +30.5 kJ/mol)
________________________","# Biochemistry Assignment Help - Bioenergetics

Great problem! Let me walk you through each part:

## (a) Standard Free Energy Change (Î”GÂ°')

For coupled reactions, we **add the individual Î”GÂ°' values**:

**Reaction 1:** PEP + Hâ‚‚O â†’ Pyruvate + Pi  
Î”GÂ°' = -61.9 kJ/mol

**Reaction 2:** ADP + Pi â†’ ATP + Hâ‚‚O  
Î”GÂ°' = +30.5 kJ/mol

**Net reaction:** PEP + ADP â†’ Pyruvate + ATP

**Î”GÂ°' = -61.9 + 30.5 = -31.4 kJ/mol**

The negative value indicates this is thermodynamically favorable under standard conditions.

---

## (b) Actual Î”G Under Cellular Conditions

Use the equation: **Î”G = Î”GÂ°' + RT ln(Q)**

Where Q (reaction quotient) = [Products]/[Reactants]

**Step 1:** Calculate Q
```
Q = ([Pyruvate][ATP])/([PEP][ADP])
Q = (0.05 mM Ã— [ATP])/(0.02 mM Ã— [ADP])
Q = (0.05/0.02) Ã— ([ATP]/[ADP])
Q = 2.5 Ã— 10 = 25
```

**Step 2:** Calculate Î”G
```
T = 37Â°C = 310 K
R = 8.314 J/(molÂ·K) = 0.008314 kJ/(molÂ·K)

Î”G = -31.4 + (0.008314)(310) Ã— ln(25)
Î”G = -31.4 + 2.577 Ã— 3.219
Î”G = -31.4 + 8.3
Î”G â‰ˆ -23.1 kJ/mol
```

**Yes, the reaction is still thermodynamically favorable** (Î”G is negative), though less so than under standard conditions.

---

## (c) Why PEP is a ""High-Energy"" Compound

**PEP has higher phosphoryl transfer potential than ATP because:**

1. **Product stabilization**: Pyruvate is significantly more stable than PEP due to:
   - **Resonance stabilization** - the enolate can exist in multiple resonance forms
   - **Tautomerization** - pyruvate can convert from the unstable enol form to the stable keto form (this can't happen while the phosphate is attached)

2. **Electrostatic repulsion relief**: The negative charges on the phosphate group and the carboxyl group repel each other in PEP

3. **Increased solvation**: The products are better hydrated than the reactant

The Î”GÂ°' for PEP hydrolysis (-61.9 kJ/mol) is about **twice** that of ATP hydrolysis (~-30.5 kJ/mol)!

**Conditions that make the reaction less favorable:**
- Very high **[ATP]/[ADP]** ratio (product accumulation)
- Very high **[Pyruvate]/[PEP]** ratio
- Depletion of substrates (low [PEP] or [ADP])

**How cells maintain favorable conditions:**
- **Product removal**: ATP is rapidly consumed by other reactions; pyruvate enters the citric acid cycle or other pathways
- **Substrate replenishment**: Continuous glycolytic flux maintains [PEP]; ATP usage regenerates ADP
- **Allosteric regulation**: Pyruvate kinase is regulated to prevent running when ATP is abundant

---

Hope this helps! Any questions on the concepts or calculations? ðŸŽ„",B001,openai/gpt-5.1,49,29,19,97,"- Content / Conceptual Mastery: 49/50  
- Reasoning & Rigor: 29/30  
- Communication: 19/20  
- Total Score: 97/100  

**Conceptual Mastery:**  
All numerical answers match the expected values, and the thermodynamic reasoning is correct. The explanation of why PEP is high-energy is strong, explicitly mentioning resonance stabilization, enolâ€“keto tautomerization, electrostatic repulsion, and solvation, plus appropriate discussion of conditions affecting favorability and cellular strategies to maintain them. Very minor room for elaboration, but essentially complete and correct.  

**Reasoning & Rigor:**  
Calculations are shown stepwise: correct setup of the coupled Î”GÂ°', accurate construction of Q, proper use of Î”G = Î”GÂ°' + RT ln Q with appropriate unit handling and numerical values. The logic is transparent and the approximations (RT, ln(25)) are reasonable and well-applied.  

**Communication:**  
The answer is well-organized by parts (a), (b), (c), with clear equations and explanations that are easy to follow. It reads slightly more like a tutoring response than a straight exam answer, but that does not impede clarity; it's structured, coherent, and scientifically precise."
