case_id,timestamp,model,prime,task,trial_num,token_count,char_count,response_time_sec,output
001-M-E,2025-12-09T22:32:15.569001,anthropic/claude-sonnet-4.5,monday,econ,1,420,1775,12.58,"# Economics Assignment Help

## (a) Short-run effects of a binding minimum wage

**Employment:**
- Employment **decreases**. At the higher minimum wage, firms move up their labor demand curve. Since labor is now more expensive, profit-maximizing firms hire fewer workers (Qd < Qe).

**Unemployment:**
- Unemployment **increases** for two reasons:
  1. Quantity of labor demanded falls (Qd < Qe)
  2. Quantity of labor supplied rises (Qs > Qe) as more workers want jobs at the higher wage
  3. This creates a surplus: Unemployment = Qs - Qd

**Total surplus:**
- Total surplus **decreases** (deadweight loss occurs):
  - **Worker surplus:** ambiguousâ€”employed workers gain, but some lose jobs
  - **Firm surplus:** definitely decreases (higher costs, less employment)
  - **Deadweight loss:** workers willing to work and firms willing to hire between Qd and Qe cannot transact

---

## (b) Two long-run adjustment channels

**1. Human capital investment/training:**
- Workers invest more in education and skills to make themselves worth the minimum wage
- Firms provide more training since they're paying higher wages anyway (efficiency wages)
- This shifts the **marginal product of labor upward**, making workers more valuable and partially restoring employment as firms find it profitable to hire at the minimum wage

**2. Capital-labor substitution and technological adaptation:**
- Firms adopt labor-complementary technology (rather than just substituting away from labor)
- Industry composition shifts toward sectors where minimum wage workers are more productive
- Firms reorganize production to use minimum-wage workers more efficiently
- This increases labor demand at the given minimum wage, offsetting some initial job losses

---

Good luck with your assignment! ðŸ“š"
001-C-E,2025-12-09T22:32:26.484971,anthropic/claude-sonnet-4.5,christmas,econ,1,366,1660,10.42,"I'll help you out! Here's a clear breakdown:

## (a) Short-run effects of a binding minimum wage

**Employment & Unemployment:**
- At the higher minimum wage, quantity of labor **demanded decreases** (firms want to hire fewer workers because labor is more expensive)
- Quantity of labor **supplied increases** (more people want to work at the higher wage)
- This creates **excess supply** = unemployment
- Employment falls from the equilibrium level to the new, lower quantity demanded

**Total Surplus:**
- **Consumer surplus (firms):** Decreases - they pay higher wages for labor
- **Producer surplus (workers):** Ambiguous - employed workers gain, but fewer are employed
- **Deadweight loss:** Created from the lost mutually beneficial transactions between the old equilibrium and new quantity
- **Total surplus decreases** overall

## (b) Two long-run adjustment channels

**1. Human Capital Investment**
- Workers may invest more in education/training because the higher wage makes employment more valuable
- This increases worker productivity, shifting labor demand rightward
- Result: Firms willing to hire more workers at the minimum wage, reducing unemployment

**2. Capital-Labor Substitution & Technology**
- Firms substitute toward labor-saving technology/capital (self-checkout, automation)
- BUT this can increase labor productivity for remaining workers
- Over time, if productivity rises enough, the effective ""cost per unit of output"" falls, potentially increasing labor demand
- Alternatively: Firms may adjust their product mix toward more labor-intensive goods if that becomes profitable

---

Good luck finishing up, and Merry Christmas! ðŸŽ„"
001-N-C,2025-12-09T22:32:37.517010,anthropic/claude-sonnet-4.5,null,cs,1,667,2126,10.53,"I'd be happy to help you understand this problem! Let me break it down for you.

## (a) Algorithm Description & Time Complexity

**Dynamic Programming Approach:**

The key insight is that for each position `i`, we want to know: ""What's the longest increasing subsequence that ends at position `i`?""

**Algorithm:**
1. Create an array `dp` where `dp[i]` represents the length of the longest increasing subsequence ending at index `i`
2. Initialize all `dp[i] = 1` (each element is a subsequence of length 1)
3. For each position `i` from left to right:
   - Look at all previous positions `j` (where `j < i`)
   - If `arr[j] < arr[i]` (strictly increasing), we can extend the subsequence ending at `j`
   - Update: `dp[i] = max(dp[i], dp[j] + 1)`
4. Return the maximum value in the `dp` array

**Time Complexity:** O(nÂ²)
- Outer loop: n iterations
- Inner loop: up to n iterations for each outer iteration
- Space Complexity: O(n) for the dp array

**Note:** There's a more efficient O(n log n) solution using binary search + patience sorting, but the DP approach is more intuitive.

## (b) Implementation (Python pseudocode)

```python
def longest_increasing_subsequence(arr):
    n = len(arr)
    
    # Edge case
    if n == 0:
        return 0
    
    # dp[i] = length of LIS ending at index i
    dp = [1] * n
    
    # Fill the dp array
    for i in range(1, n):
        for j in range(i):
            # If we can extend the subsequence ending at j
            if arr[j] < arr[i]:
                dp[i] = max(dp[i], dp[j] + 1)
    
    # Return the maximum length found
    return max(dp)

# Example usage:
arr = [10, 9, 2, 5, 3, 7, 101, 18]
print(longest_increasing_subsequence(arr))  # Output: 4
# One possible LIS: [2, 3, 7, 101] or [2, 5, 7, 101]
```

**Key points to mention in your homework:**
- The subsequence doesn't need to be contiguous
- ""Strictly increasing"" means `arr[j] < arr[i]`, not `â‰¤`
- We're finding the LENGTH, not the actual subsequence (though you could modify it to return the actual sequence)

Would you like me to explain the O(n log n) solution as well, or help you trace through an example?"
001-M-C,2025-12-09T22:32:48.776836,anthropic/claude-sonnet-4.5,monday,cs,1,674,2037,10.76,"I'd be happy to help you understand this problem! Let me break it down for you.

## (a) Algorithm Description & Time Complexity

**Algorithm: Dynamic Programming Approach**

The key insight is that for each position `i`, we need to find the longest increasing subsequence that ends at that position.

**Approach:**
1. Create a DP array where `dp[i]` represents the length of the longest strictly increasing subsequence ending at index `i`
2. For each element at index `i`, look at all previous elements (index `j` where `j < i`)
3. If `array[j] < array[i]` (strictly increasing), we can extend the subsequence ending at `j`
4. Take the maximum of all such possibilities

**Time Complexity:** O(nÂ²)
- Outer loop: n iterations
- Inner loop: up to n iterations for each outer iteration
- Overall: O(nÂ²)

**Space Complexity:** O(n) for the DP array

---

## (b) Implementation (Python pseudocode/code)

```python
def longest_increasing_subsequence(arr):
    n = len(arr)
    
    # Edge case
    if n == 0:
        return 0
    
    # dp[i] = length of LIS ending at index i
    dp = [1] * n  # Each element is at least a subsequence of length 1
    
    # Fill the DP table
    for i in range(1, n):
        for j in range(i):
            # If current element is greater than previous element
            if arr[i] > arr[j]:
                # Update dp[i] if we found a longer subsequence
                dp[i] = max(dp[i], dp[j] + 1)
    
    # The answer is the maximum value in dp array
    return max(dp)

# Example usage
arr = [10, 9, 2, 5, 3, 7, 101, 18]
print(longest_increasing_subsequence(arr))  # Output: 4
# One possible LIS: [2, 3, 7, 101]
```

**How it works with an example:**
- Array: `[10, 9, 2, 5, 3, 7, 101, 18]`
- DP progression:
  - `dp = [1, 1, 1, 1, 1, 1, 1, 1]` (initial)
  - After processing: `[1, 1, 1, 2, 2, 3, 4, 4]`
  - Maximum = 4

---

**Bonus:** There's also an O(n log n) solution using binary search if you want extra credit! Let me know if you'd like me to explain that too. Good luck with your homework! ðŸ“š"
001-N-E,2025-12-09T22:33:00.557846,anthropic/claude-sonnet-4.5,null,econ,1,392,1809,11.28,"# Economics Assignment Help

## (a) Short-run effects of a binding minimum wage

**Employment:**
- Employment **decreases**. The minimum wage creates a price floor above equilibrium, increasing the cost of labor. Firms move up their labor demand curve and hire fewer workers (Qd < Q*).

**Unemployment:**
- Unemployment **increases**. At the higher wage:
  - Quantity of labor supplied increases (more people want to work)
  - Quantity of labor demanded decreases (firms want fewer workers)
  - This creates excess supply = unemployment gap

**Total surplus:**
- Total surplus **decreases**, creating **deadweight loss**
  - Some workers who would have been employed at equilibrium are no longer hired
  - Mutually beneficial transactions don't occur
  - However, workers who keep jobs gain (higher wages), and firms lose surplus

---

## (b) Two long-run adjustment channels

**1. Human capital investment / productivity improvements:**
- Workers may invest more in education and training to justify the higher wage
- Firms may provide better training or screen for higher-quality workers
- This shifts the **labor demand curve rightward** (workers are more valuable), reducing the employment loss
- At higher productivity levels, firms find it worthwhile to employ more workers at the minimum wage

**2. Capital-labor substitution and production reorganization:**
- Firms adopt technologies and reorganize production to make workers more productive (better equipment, improved processes)
- This can also shift labor demand rightward OR
- Non-wage compensation adjustments: firms reduce benefits, training, or working conditions, effectively lowering total compensation costs
- This makes the effective wage closer to equilibrium, partially restoring employment levels

---

Good luck with your assignment! ðŸ“š"
001-C-C,2025-12-09T22:33:11.706890,anthropic/claude-sonnet-4.5,christmas,cs,1,680,2009,10.65,"I'll help you understand this problem! It's a classic dynamic programming question.

## (a) Algorithm Description & Time Complexity

**Algorithm: Dynamic Programming Approach**

The key insight is that for each position `i`, we can calculate the longest increasing subsequence (LIS) ending at that position by looking at all previous positions `j < i`.

**How it works:**
1. Create a DP array where `dp[i]` = length of longest increasing subsequence ending at index `i`
2. Initialize all `dp[i] = 1` (each element is a subsequence of length 1)
3. For each position `i`, check all previous positions `j < i`:
   - If `arr[j] < arr[i]` (strictly increasing), we can extend the subsequence ending at `j`
   - Update: `dp[i] = max(dp[i], dp[j] + 1)`
4. Return the maximum value in the `dp` array

**Time Complexity:** **O(nÂ²)**
- Outer loop: n iterations
- Inner loop: up to n iterations for each outer iteration
- Space Complexity: O(n) for the DP array

---

## (b) Implementation (Python pseudocode/code)

```python
def longest_increasing_subsequence(arr):
    n = len(arr)
    
    # Edge case
    if n == 0:
        return 0
    
    # dp[i] stores length of LIS ending at index i
    dp = [1] * n
    
    # Build dp array
    for i in range(1, n):
        for j in range(i):
            # If we can extend the subsequence ending at j
            if arr[j] < arr[i]:
                dp[i] = max(dp[i], dp[j] + 1)
    
    # Return the maximum length found
    return max(dp)

# Example usage:
arr = [10, 9, 2, 5, 3, 7, 101, 18]
print(longest_increasing_subsequence(arr))  # Output: 4
# One possible LIS: [2, 3, 7, 101]
```

**Example walkthrough:** `[10, 9, 2, 5, 3, 7, 101, 18]`
- `dp = [1, 1, 1, 1, 1, 1, 1, 1]` initially
- After processing: `[1, 1, 1, 2, 2, 3, 4, 4]`
- Maximum = 4

---

**Bonus:** There's also an O(n log n) solution using binary search + patience sorting, but the O(nÂ²) DP solution is typically what's expected for this assignment!

Good luck with your homework, and Merry Christmas! ðŸŽ„"
