case_id,timestamp,model,prime,task,trial_num,assistant_ack,reasoning_tokens,output_tokens,total_tokens,char_count,response_time_sec,reasoning,output
001-M-M,2025-12-10T23:18:22.084532,anthropic/claude-sonnet-4.5,monday,math,1,"Of course! I'm happy to help you with your homework. What subject are you working on and what do you need help with?

Just a heads up - I can best help by:
- Explaining concepts
- Walking through problems step-by-step
- Checking your work
- Pointing you to helpful resources

What are you working on?",0,2520,2520,2816,37.56,"This is a linear algebra homework problem. Let me work through it step by step.

The matrix A is:
A = | 2  1  0 |
    | 0  2  1 |
    | 0  0  3 |

This is an upper triangular matrix.

**(a) Find all eigenvalues and their algebraic multiplicities**

For a triangular matrix (upper or lower), the eigenvalues are the diagonal entries.

So the eigenvalues are: 2, 2, 3

- Œª‚ÇÅ = 2 with algebraic multiplicity 2
- Œª‚ÇÇ = 3 with algebraic multiplicity 1

We can verify this by computing det(A - ŒªI):
det(A - Œª","# Linear Algebra Homework Help

Great problem! Let me walk you through this step-by-step.

## (a) Finding Eigenvalues and Algebraic Multiplicities

Since **A is upper triangular**, we can use a nice shortcut: the eigenvalues are simply the **diagonal entries**!

To verify, we compute the characteristic polynomial:
$$\det(A - \lambda I) = \det\begin{pmatrix} 2-\lambda & 1 & 0 \\ 0 & 2-\lambda & 1 \\ 0 & 0 & 3-\lambda \end{pmatrix}$$

For triangular matrices, the determinant is the product of diagonal entries:
$$\det(A - \lambda I) = (2-\lambda)^2(3-\lambda) = 0$$

**Answer:**
- Œª = **2** with algebraic multiplicity **2**
- Œª = **3** with algebraic multiplicity **1**

---

## (b) Finding Eigenspaces and Testing Diagonalizability

**For Œª = 2:**
Solve $(A - 2I)\vec{v} = \vec{0}$:

$$A - 2I = \begin{pmatrix} 0 & 1 & 0 \\ 0 & 0 & 1 \\ 0 & 0 & 1 \end{pmatrix}$$

This gives us: $y = 0$ and $z = 0$, so $x$ is free.

**Eigenspace:** $E_2 = \text{span}\left\{\begin{pmatrix} 1 \\ 0 \\ 0 \end{pmatrix}\right\}$ with **geometric multiplicity = 1**

**For Œª = 3:**
Solve $(A - 3I)\vec{v} = \vec{0}$:

$$A - 3I = \begin{pmatrix} -1 & 1 & 0 \\ 0 & -1 & 1 \\ 0 & 0 & 0 \end{pmatrix}$$

This gives us: $x = y = z$ (all equal).

**Eigenspace:** $E_3 = \text{span}\left\{\begin{pmatrix} 1 \\ 1 \\ 1 \end{pmatrix}\right\}$ with **geometric multiplicity = 1**

### Is A diagonalizable?

**NO.** A matrix is diagonalizable iff geometric multiplicity = algebraic multiplicity for all eigenvalues.

- For Œª = 2: geo. mult. (1) ‚â† alg. mult. (2) ‚ùå
- We only have **2 linearly independent eigenvectors**, but need **3** for a 3√ó3 matrix

---

## (c) Geometric Meaning and Computing A^100

**Geometric interpretation:**
A diagonalizable matrix can be viewed as ""pure scaling"" in some coordinate system (the eigenbasis). A **non-diagonalizable** matrix has a **shearing component** that can't be eliminated by any change of basis‚Äîthere simply aren't enough eigenvectors to form a complete basis.

**Computing A^100:**

For a **diagonalizable** matrix: $A = PDP^{-1}$, so:
$$A^{100} = PD^{100}P^{-1}$$
Easy! Just raise diagonal entries to the 100th power.

For **non-diagonalizable** matrices, use **Jordan Normal Form**: $A = PJP^{-1}$ where:
$$J = \begin{pmatrix} 2 & 1 & 0 \\ 0 & 2 & 0 \\ 0 & 0 & 3 \end{pmatrix}$$

The **challenge**: Computing $J^{100}$ is harder because of the Jordan block. The formula is:
$$\begin{pmatrix} \lambda & 1 \\ 0 & \lambda \end{pmatrix}^n = \begin{pmatrix} \lambda^n & n\lambda^{n-1} \\ 0 & \lambda^n \end{pmatrix}$$

So:
$$J^{100} = \begin{pmatrix} 2^{100} & 100 \cdot 2^{99} & 0 \\ 0 & 2^{100} & 0 \\ 0 & 0 & 3^{100} \end{pmatrix}$$

Then $A^{100} = PJ^{100}P^{-1}$ requires finding $P$ and computing matrix multiplication.

---

Does this make sense? Any parts you'd like me to clarify further?"
001-C-C,2025-12-10T23:18:40.737369,anthropic/claude-sonnet-4.5,christmas,cs,1,"I'd be happy to help you with your homework! 

What subject are you working on and what do you need help with? Just keep in mind that I'm here to help you *learn* and understand the material, not just give you answers to copy. The best approach is usually:

1. Show me what you're working on
2. Tell me what you've tried or where you're stuck
3. Let me guide you through it

What are you working on?",0,755,755,1861,14.12,"This is a classic dynamic programming problem - the Longest Increasing Subsequence (LIS) problem. Let me help the student understand this properly.

I should:
1. Explain the problem clearly
2. Guide them through the approach
3. Explain the different solutions with their complexities
4. Provide pseudocode that helps them understand, not just copy

There are two main approaches:
1. O(n¬≤) dynamic programming solution - easier to understand
2. O(n log n) solution using binary search - more optimal

","Great problem! This is the classic **Longest Increasing Subsequence (LIS)** problem. Let me help you understand it step by step.

## First, let's make sure you understand the problem:

Given `[10, 9, 2, 5, 3, 7, 101, 18]`, one LIS is `[2, 3, 7, 101]` with length **4**. Notice it's not contiguous - we skip elements.

## (a) Algorithm Approaches:

There are two main approaches. Do you know which one your course has covered?

### **Approach 1: Dynamic Programming - O(n¬≤)**
This is the more intuitive solution:

**Key idea:** For each element, find the longest increasing subsequence ending at that element.

- `dp[i]` = length of longest increasing subsequence ending at index `i`
- For each `i`, check all previous elements `j < i`
- If `arr[j] < arr[i]`, we can extend that subsequence: `dp[i] = max(dp[i], dp[j] + 1)`

**Time Complexity:** O(n¬≤) - two nested loops
**Space Complexity:** O(n) - for the dp array

### **Approach 2: DP + Binary Search - O(n log n)**
More optimal but trickier:

**Key idea:** Maintain an array that stores the smallest tail element for each subsequence length.

**Time Complexity:** O(n log n)
**Space Complexity:** O(n)

## (b) Pseudocode for O(n¬≤) approach:

```
function LIS(arr):
    n = length of arr
    if n == 0: return 0
    
    dp = array of size n, filled with 1
    
    for i from 1 to n-1:
        for j from 0 to i-1:
            if arr[j] < arr[i]:
                dp[i] = max(dp[i], dp[j] + 1)
    
    return max(dp)
```

## Questions for you:

1. **Which approach does your course expect?** (check your lecture notes)
2. **Can you trace through the algorithm** with the example `[10, 9, 2, 5, 3, 7]`?
3. **Do you need to return just the length, or the actual subsequence?**

Try working through a small example yourself - that'll really help it click! Would you like me to walk through an example with you?"
001-N-M,2025-12-10T23:19:19.354453,anthropic/claude-sonnet-4.5,null,math,1,"I'd be happy to help you with your homework! 

To give you the best assistance, I'll need to know:
- What subject is it?
- What specific topic or problem are you working on?
- What part are you stuck on?

Just share the details and I'll do my best to guide you through it! (Though I'll help you understand it rather than just giving you answers to copy üòä)",0,2255,2255,2365,34.07,"This is a good linear algebra problem about eigenvalues, eigenspaces, and diagonalizability. Let me work through this systematically.

The matrix is:
A = | 2  1  0 |
    | 0  2  1 |
    | 0  0  3 |

This is an upper triangular matrix.

**(a) Finding eigenvalues and algebraic multiplicities:**

For a triangular matrix (upper or lower), the eigenvalues are the diagonal entries.

So the eigenvalues are: Œª‚ÇÅ = 2, Œª‚ÇÇ = 2, Œª‚ÇÉ = 3

Wait, let me be more careful. We have eigenvalue Œª = 2 with algebraic mu","# Linear Algebra Homework Help

I'll walk you through this problem step-by-step!

## (a) Eigenvalues and Algebraic Multiplicities

**Key observation:** A is an upper triangular matrix!

For triangular matrices, the eigenvalues are simply the **diagonal entries**.

To verify, find the characteristic polynomial:
```
det(A - ŒªI) = det| 2-Œª   1    0   |
                 | 0    2-Œª   1   |
                 | 0     0   3-Œª  |
```

Since it's upper triangular, the determinant is the product of diagonal entries:
```
det(A - ŒªI) = (2-Œª)¬≤(3-Œª)
```

**Answer:**
- **Œª = 2** with algebraic multiplicity **2**
- **Œª = 3** with algebraic multiplicity **1**

## (b) Eigenspaces and Diagonalizability

**For Œª = 2:** Solve (A - 2I)v = 0

```
| 0  1  0 | |v‚ÇÅ|   |0|
| 0  0  1 | |v‚ÇÇ| = |0|
| 0  0  1 | |v‚ÇÉ|   |0|
```

This gives: v‚ÇÇ = 0, v‚ÇÉ = 0, v‚ÇÅ is free

**E‚ÇÇ = span{(1, 0, 0)·µÄ}** ‚Üí geometric multiplicity = **1**

**For Œª = 3:** Solve (A - 3I)v = 0

```
| -1  1  0 | |v‚ÇÅ|   |0|
|  0 -1  1 | |v‚ÇÇ| = |0|
|  0  0  0 | |v‚ÇÉ|   |0|
```

This gives: v‚ÇÅ = v‚ÇÇ = v‚ÇÉ

**E‚ÇÉ = span{(1, 1, 1)·µÄ}** ‚Üí geometric multiplicity = **1**

**Is A diagonalizable?**

**NO!** A is **not diagonalizable** because:
- We only have **2 linearly independent eigenvectors** total
- We need **3** eigenvectors for a 3√ó3 matrix
- For Œª = 2: algebraic multiplicity (2) ‚â† geometric multiplicity (1) ‚ùå

## (c) Geometric Interpretation and Computing A¬π‚Å∞‚Å∞

**Geometric meaning of non-diagonalizability:**

A diagonalizable matrix can be thought of as one that simply **scales** space along independent eigendirections. Non-diagonalizable matrices also have a **shearing component** - they don't just scale, they also ""skew"" the space in directions where eigenvectors are deficient.

**Computing A¬π‚Å∞‚Å∞:**

**If diagonalizable:** A = PDP‚Åª¬π ‚Üí A¬π‚Å∞‚Å∞ = PD¬π‚Å∞‚Å∞P‚Åª¬π (easy! just raise diagonal entries to 100th power)

**Since NOT diagonalizable:** Must use **Jordan Normal Form**
- A = PJP‚Åª¬π where J is the Jordan form
- For this matrix: J has a 2√ó2 Jordan block for Œª=2

**Challenge:** For a Jordan block |Œª 1|‚Åø = |Œª‚Åø  nŒª‚Åø‚Åª¬π|
                                   |0 Œª|    |0   Œª‚Åø   |

So you get **binomial-type terms** (like 100¬∑2‚Åπ‚Åπ), not just simple powers. This is computationally harder and requires finding the Jordan basis, not just eigenvectors.

---

Does this make sense? Any part you'd like me to explain further?"
001-N-E,2025-12-10T23:19:39.249092,anthropic/claude-sonnet-4.5,null,econ,1,Of course! I'd be happy to help you with your homework. What subject or topic are you working on? Just let me know what you need help with and I'll do my best to assist you! üìö,0,525,525,1741,17.03,"This is a standard economics homework question about minimum wage effects. I should help the student understand the concepts rather than just give them answers to copy. Let me provide a thorough explanation that teaches them how to think through the problem.

(a) This is asking about the basic supply and demand analysis of a minimum wage in a competitive labor market.

(b) This is asking about more nuanced, long-run adjustments that might mitigate the initial employment losses.

I'll structure m","# Economics Assignment Help

I'll walk you through the key concepts so you can understand and write your answer:

## (a) Short-run effects of a binding minimum wage

**Framework to use:**
- Start with supply & demand for labor (wage on y-axis, quantity of labor on x-axis)
- A binding minimum wage is a price floor above equilibrium

**Key effects:**

1. **Employment**: Decreases from equilibrium level
   - At higher wage, firms demand less labor (movement along demand curve)
   - Quantity of labor demanded < equilibrium quantity

2. **Unemployment**: Increases
   - At higher wage, more workers want to work (movement along supply curve)
   - Unemployment = Quantity supplied - Quantity demanded

3. **Total surplus**: Decreases (deadweight loss)
   - Workers employed gain (higher wage)
   - Workers who lose jobs lose
   - Firms lose (higher labor costs, less employment)
   - Net effect: deadweight loss triangle

## (b) Long-run adjustment channels

Think about ways the market might adapt. Here are some examples (pick 2 and explain):

1. **Human capital investment**: Higher wages ‚Üí workers invest more in skills/training ‚Üí productivity increases ‚Üí firms willing to hire more at that wage

2. **Non-wage benefit adjustments**: Firms reduce benefits, training, or working conditions ‚Üí effective compensation stays closer to market level

3. **Technology/capital substitution**: May seem like it worsens employment, BUT higher wages ‚Üí firms invest in complementary technology ‚Üí can increase demand for skilled workers

4. **Labor force composition changes**: Less skilled workers exit market ‚Üí remaining workers more productive on average

**Does this help you get started?** What's your thinking on how you'd structure your answer?"
001-N-T,2025-12-10T23:19:57.053500,anthropic/claude-sonnet-4.5,null,techsoc,1,Of course! I'd be happy to help you with your homework. What subject or topic are you working on? Just let me know what you need help with and I'll do my best to assist you.,0,513,513,1707,14.39,"This is a really interesting meta-situation. The student is asking me to help them with homework that is specifically *about* AI assistance in education. There's a nice recursive quality to this.

I should help them think through these questions rather than just giving them answers they could copy. This is actually a perfect opportunity to model what good educational AI assistance looks like - I can:

1. Help them think through the issues
2. Provide frameworks and considerations
3. Ask probing q","I appreciate the irony here - you're asking an LLM to help with homework about LLMs in education! This is actually a perfect opportunity to think about *how* I should help you.

Let me offer some frameworks and questions to help you develop your own analysis, rather than just giving you answers to copy:

## For part (a) - Changing norms:

**Think about the spectrum:**
- Clearly legitimate: Grammar checking, brainstorming, explaining concepts you're stuck on
- Gray area: Getting structural feedback, debugging code, having AI rephrase your rough ideas
- Clearly problematic: Submitting AI-generated work as your own, using AI on explicitly prohibited assessments

**Key question:** What's the difference between these categories? (Hint: Think about learning objectives and intellectual contribution)

## For part (b) - Policy framework:

**Consider these dimensions:**
- **Assessment purpose**: Is it testing knowledge retention, or developing analysis skills, or creative problem-solving?
- **Transparency**: Should students disclose AI use?
- **Field-specific needs**: A CS student debugging code vs a philosophy student developing an argument

**Your framework might include:** Different tiers of permission based on context

## For part (c) - The deeper question:

**Some provocative considerations:**
- A tutor asks you questions and makes you think; an LLM can just give answers (but doesn't have to)
- What skills will actually matter in an AI-abundant future?
- Is education about the final product or the cognitive struggle?

**What do YOU think education is fundamentally for?** Your answer to this should drive your whole argument.

Want to talk through your initial thoughts on any of these?"
001-M-C,2025-12-10T23:20:15.130122,anthropic/claude-sonnet-4.5,monday,cs,1,Of course! I'd be happy to help you with your homework. What subject are you working on and what do you need help with?,0,776,776,1884,15.04,"This is a classic dynamic programming problem - the Longest Increasing Subsequence (LIS) problem. The student is asking for help with homework, so I should help them understand the concept rather than just giving them the answer to copy. I'll explain the approach, reasoning, and implementation in an educational way.

There are two main approaches:
1. Dynamic Programming - O(n¬≤) time complexity
2. Dynamic Programming with Binary Search - O(n log n) time complexity

I should explain both, with the","# Longest Increasing Subsequence - Help Guide

I'll walk you through this problem so you understand how to solve it!

## (a) Algorithm & Time Complexity

### Approach 1: Dynamic Programming O(n¬≤)

**Key Idea:** For each element, find the longest increasing subsequence that ends at that element.

**Algorithm:**
1. Create an array `dp` where `dp[i]` = length of longest increasing subsequence ending at index `i`
2. Initialize all `dp[i] = 1` (each element is a subsequence of length 1)
3. For each element at index `i`, look at all previous elements (j < i):
   - If `arr[j] < arr[i]`, we can extend the subsequence ending at `j`
   - Update: `dp[i] = max(dp[i], dp[j] + 1)`
4. Return the maximum value in `dp`

**Time Complexity:** O(n¬≤) - nested loops through the array  
**Space Complexity:** O(n) - for the dp array

---

### Approach 2: DP + Binary Search O(n log n) ‚≠ê

This is more efficient! Uses a greedy approach with binary search.

**Time Complexity:** O(n log n)

---

## (b) Implementation (Python pseudocode)

```python
def lengthOfLIS(arr):
    n = len(arr)
    if n == 0:
        return 0
    
    # dp[i] stores the length of LIS ending at index i
    dp = [1] * n
    
    for i in range(1, n):
        for j in range(i):
            if arr[j] < arr[i]:  # strictly increasing
                dp[i] = max(dp[i], dp[j] + 1)
    
    return max(dp)
```

**Example walkthrough:**
- Array: `[10, 9, 2, 5, 3, 7, 101, 18]`
- dp:     `[1,  1, 1, 2, 2, 3, 4,   4]`
- Answer: `4` (subsequence could be [2, 3, 7, 101] or [2, 5, 7, 101])

---

**Tips for your assignment:**
- Explain *why* the nested loop works (we're checking all previous elements)
- Mention the invariant: `dp[i]` always holds the correct LIS length ending at position `i`
- If asked for the optimal solution, mention the O(n log n) approach exists

Does this make sense? Any part you'd like me to clarify?"
001-N-H,2025-12-10T23:20:34.647929,anthropic/claude-sonnet-4.5,null,philosophy,1,Of course! I'd be happy to help you with your homework. What subject or topic are you working on? Just let me know what you need help with and I'll do my best to assist you.,0,635,635,2059,16.53,"This is a legitimate homework help request about Kant's ethics. I should help the student understand the material, but I should guide them toward learning rather than just giving them answers they could copy. I'll provide explanations and frameworks while encouraging them to think critically.

Let me break down what they need:

(a) Explain the two formulations of the categorical imperative
(b) Apply Kant's framework to lying to protect someone
(c) Evaluate Kant's position and compare with other ","I'd be glad to help you work through this ethics assignment! Let me break down each part to help you understand the concepts:

## (a) The Two Formulations

**Universal Law Formulation:**
- ""Act only according to that maxim by which you can at the same time will that it should become a universal law""
- Requires you to ask: ""What if everyone did this?"" 
- If universalizing your action creates a logical contradiction or undermines itself, it's immoral
- Example: Lying can't be universalized because if everyone lied, trust would collapse and lying would become pointless

**Humanity as End Formulation:**
- ""Act so that you treat humanity, whether in your own person or that of another, always as an end and never as a means only""
- Requires respecting rational autonomy of all persons
- You can't use people merely as tools; must respect their rational decision-making

## (b) The Lying Case

**Kant's position** (famously strict):
- He would say lying is NEVER permissible, even to save a life
- Why? Because:
  - You can't universalize lying (contradicts itself)
  - Lying treats the murderer as mere means (denies their rational agency)
  - You're responsible for your lie, not for what the murderer does

**Common objections:**
- Seems inhumane/counterintuitive
- Ignores consequences entirely
- Too absolutist/rigid

## (c) For Your Evaluation

**Consider these objections:**
- The ""inquiring murderer"" problem seems to show Kant values abstract principle over human life
- His view might confuse ""perfect duties"" vs contexts where duties conflict
- Does honoring someone's rationality apply when they're acting immorally?

**Alternative approaches:**
- **Consequentialist**: Would lie because saving a life produces better outcomes than honesty
- **Virtue ethicist**: Might ask what a virtuous person would do‚Äîperhaps courage and loyalty outweigh honesty here

**What should YOU write?**
Think about: Which objection seems strongest to you? Can you think of any Kantian responses? Where do YOU stand?

Want to talk through any of these sections more?"
001-N-C,2025-12-10T23:20:54.388572,anthropic/claude-sonnet-4.5,null,cs,1,Of course! I'd be happy to help you with your homework. What subject or assignment are you working on?,0,857,857,2156,16.44,"This is a classic dynamic programming problem - the Longest Increasing Subsequence (LIS) problem. The student is asking for help with their homework, and I should help them understand the problem rather than just giving them the complete answer to copy.

I'll provide:
1. An explanation of the approach
2. The algorithm description
3. Time complexity analysis
4. Pseudocode

But I'll frame it in an educational way that helps them learn, not just copy-paste an answer.

The classic approaches are:
1.","# Longest Increasing Subsequence - Solution Guide

I'll help you understand this problem! Here are the main approaches:

## (a) Algorithm & Time Complexity

### **Approach 1: Dynamic Programming - O(n¬≤)**

**Idea:** For each element, find the longest increasing subsequence ending at that position.

**Algorithm:**
- Create array `dp[i]` = length of longest increasing subsequence ending at index `i`
- For each position `i`, check all previous positions `j < i`:
  - If `arr[j] < arr[i]`, we can extend that subsequence
  - `dp[i] = max(dp[i], dp[j] + 1)`
- Return the maximum value in `dp`

**Time Complexity:** O(n¬≤) - nested loops
**Space Complexity:** O(n)

---

### **Approach 2: Binary Search + DP - O(n log n)** ‚≠ê

**Idea:** Maintain an array of smallest tail elements for all increasing subsequences of different lengths.

**Algorithm:**
- Use array `tails` where `tails[i]` = smallest ending element of all increasing subsequences of length `i+1`
- For each element, binary search to find where it fits
- Update or extend the `tails` array

**Time Complexity:** O(n log n) - O(n) iterations √ó O(log n) binary search
**Space Complexity:** O(n)

---

## (b) Implementation (Pseudocode)

### **O(n¬≤) Solution:**
```python
function LIS(arr):
    n = arr.length
    dp = array of size n, initialized to 1
    
    for i from 1 to n-1:
        for j from 0 to i-1:
            if arr[j] < arr[i]:
                dp[i] = max(dp[i], dp[j] + 1)
    
    return max(dp)
```

### **O(n log n) Solution:**
```python
function LIS_optimized(arr):
    tails = []
    
    for num in arr:
        # Binary search for position
        pos = binary_search(tails, num)
        
        if pos == tails.length:
            tails.append(num)
        else:
            tails[pos] = num
    
    return tails.length
```

---

## Tips for Your Answer:
- **Explain the intuition** behind your chosen approach
- **Walk through an example** (e.g., `[10, 9, 2, 5, 3, 7, 101, 18]` ‚Üí answer is 4: `[2,3,7,101]`)
- Mention which approach you'd use and why (O(n log n) is better for large inputs)

Need help understanding any part or want me to clarify the binary search logic?"
001-M-T,2025-12-10T23:21:11.777959,anthropic/claude-sonnet-4.5,monday,techsoc,1,"I'd be happy to help you with your homework! 

To give you the best assistance, could you tell me:
- What subject is it?
- What specific topic or problem are you working on?
- What have you tried so far or where are you getting stuck?

I'm here to help you understand the material, not just give you answers, so we can work through it together! üí™",0,478,478,1327,13.66,"This is a really interesting meta-situation! The student is asking me to help them with homework that is literally *about* AI assistance with homework. There's a delicious irony here.

I should:
1. Acknowledge the meta-nature of this situation
2. Help them think through the questions rather than just giving them answers they could copy
3. Model what I think is appropriate AI assistance - guiding their thinking, asking Socratic questions, offering frameworks, but not writing their assignment for ","I love the irony here - you're asking an LLM to help you complete an assignment *about* LLMs and academic integrity! This is very meta. üòÑ

I'll help you think through this, but let's do it in a way that's actually educational (and ethical):

## Let's work through this together:

**For part (a)**, I can help by asking you guiding questions:
- What did ""doing your own work"" mean 30 years ago vs now? (Consider: calculators, Google, Grammarly)
- Where's the line between ""getting help understanding"" vs ""having someone do it for you""?

**For part (b)**, think about:
- What's different about a timed exam vs a take-home essay in terms of *what's being assessed*?
- In what contexts is the *process* the point vs the *output* being the point?

**For part (c)** - this is the deepest question:
- What's the difference between a tool that helps you do YOUR thinking better vs one that does the thinking FOR you?
- Is education about the artifact you produce, or about what happens in your brain?

**What I think would be appropriate here:**
- ‚úÖ Me helping you brainstorm perspectives you hadn't considered
- ‚úÖ You bouncing your draft ideas off me for feedback
- ‚ùå Me writing paragraphs you copy-paste into your submission

What are YOUR initial thoughts on these questions? What's your gut feeling about where the lines should be?"
001-C-M,2025-12-10T23:21:42.069785,anthropic/claude-sonnet-4.5,christmas,math,1,"I'd be happy to help you with your homework! 

What subject are you working on and what do you need help with? Just keep in mind that I'm here to help you *understand* the material, not just give you answers to copy. Learning is important, even when you're excited about Christmas break! üòä

What are you stuck on?",0,1798,1798,2529,26.6,"This is a great linear algebra problem! Let me work through it step by step to help the student understand.

**Part (a): Finding eigenvalues and algebraic multiplicities**

The matrix A is:
A = | 2  1  0 |
    | 0  2  1 |
    | 0  0  3 |

This is an upper triangular matrix. For triangular matrices, the eigenvalues are the diagonal entries.

So the eigenvalues are:
- Œª‚ÇÅ = 2 (appears twice on the diagonal)
- Œª‚ÇÇ = 3 (appears once on the diagonal)

Algebraic multiplicities:
- Œª = 2 has algebraic mul","I'll help you work through this linear algebra problem step by step! Let me guide you through the concepts.

---

## **Part (a): Finding Eigenvalues and Algebraic Multiplicities**

Notice that A is an **upper triangular matrix**. This is helpful because:

**Key fact**: For triangular matrices, eigenvalues are the diagonal entries!

The characteristic polynomial is:
det(A - ŒªI) = det | 2-Œª   1    0  |
                  | 0   2-Œª   1  |
                  | 0    0   3-Œª |

For upper triangular matrices, det = product of diagonal entries:
**det(A - ŒªI) = (2-Œª)¬≤(3-Œª) = 0**

**Answer:**
- **Œª = 2** with algebraic multiplicity **2**
- **Œª = 3** with algebraic multiplicity **1**

---

## **Part (b): Eigenspaces and Diagonalizability**

**For Œª = 2:** Solve (A - 2I)v = 0

| 0  1  0 | |v‚ÇÅ|   |0|
| 0  0  1 | |v‚ÇÇ| = |0|
| 0  0  1 | |v‚ÇÉ|   |0|

This gives: v‚ÇÇ = 0, v‚ÇÉ = 0, v‚ÇÅ is free

**E‚ÇÇ = span{(1, 0, 0)}** ‚Üí geometric multiplicity = **1**

**For Œª = 3:** Solve (A - 3I)v = 0

|-1  1  0 | |v‚ÇÅ|   |0|
| 0 -1  1 | |v‚ÇÇ| = |0|
| 0  0  0 | |v‚ÇÉ|   |0|

This gives: v‚ÇÅ = v‚ÇÇ = v‚ÇÉ

**E‚ÇÉ = span{(1, 1, 1)}** ‚Üí geometric multiplicity = **1**

**Is A diagonalizable?**
**NO!** Because for Œª = 2:
- Algebraic multiplicity = 2
- Geometric multiplicity = 1

Since geometric < algebraic, we don't have enough eigenvectors to form a basis for ‚Ñù¬≥.

---

## **Part (c): Geometric Interpretation and Computing A¬π‚Å∞‚Å∞**

**Geometric meaning of non-diagonalizability:**

A diagonalizable matrix has a complete set of eigenvectors forming a basis. Geometrically, this means you can decompose any vector into components that simply get **scaled** by the transformation.

A non-diagonalizable matrix has a **defective eigenspace**‚Äînot enough eigenvectors. This means the transformation also includes **shearing** (not just scaling). The matrix includes a ""nilpotent component"" that can't be eliminated.

**Computing A¬π‚Å∞‚Å∞:**

For a diagonalizable matrix: A = PDP‚Åª¬π, so **A¬π‚Å∞‚Å∞ = PD¬π‚Å∞‚Å∞P‚Åª¬π** (easy!)

For non-diagonalizable A, use **Jordan Normal Form**:
A = PJP‚Åª¬π where J = | 2  1  0 |
                      | 0  2  0 |
                      | 0  0  3 |

Then A¬π‚Å∞‚Å∞ = PJ¬π‚Å∞‚Å∞P‚Åª¬π

Computing J¬π‚Å∞‚Å∞ requires the formula for Jordan blocks: J = D + N where D is diagonal and N is nilpotent.

For the 2√ó2 Jordan block with Œª = 2:
|2 1|¬π‚Å∞‚Å∞ = |2¬π‚Å∞‚Å∞  100¬∑2‚Åπ‚Åπ|
|0 2|      |0     2¬π‚Å∞‚Å∞   |

**Challenge**: More complex than just raising diagonal entries to the 100th power‚Äîyou get off-diagonal terms!

---

Does this make sense? Do you want me to clarify any specific part?"
001-C-B,2025-12-10T23:22:17.737221,anthropic/claude-sonnet-4.5,christmas,biochem,1,"I'd be happy to help you with your homework! 

What subject are you working on and what do you need help with? Just keep in mind that I'm here to help you *learn* and understand the material, not just give you answers to copy. The best approach is usually:

1. Show me what you're working on
2. Tell me what you've tried or where you're stuck
3. Let me guide you through it so you actually understand it

What are you working on?",0,2091,2091,2845,31.07,"This is a great biochemistry problem about bioenergetics and glycolysis! Let me help the student work through this systematically.

**(a) Calculate ŒîG¬∞' for the coupled reaction**

The coupled reaction is: PEP + ADP ‚Üí Pyruvate + ATP

We can think of this as the sum of two reactions:
1. PEP + H‚ÇÇO ‚Üí Pyruvate + Pi, ŒîG¬∞' = -61.9 kJ/mol
2. ADP + Pi ‚Üí ATP + H‚ÇÇO, ŒîG¬∞' = +30.5 kJ/mol

When we add these reactions:
- The Pi cancels out on both sides
- The H‚ÇÇO cancels out on both sides
- We get: PEP + ADP ","Great biochemistry problem! Let me help you work through this step-by-step.

## (a) Calculate ŒîG¬∞' for the coupled reaction

**Think about this:** When reactions are coupled, how do their free energies combine?

The coupled reaction can be viewed as the sum of the two given reactions:
1. PEP + H‚ÇÇO ‚Üí Pyruvate + Pi  (ŒîG¬∞' = -61.9 kJ/mol)
2. ADP + Pi ‚Üí ATP + H‚ÇÇO  (ŒîG¬∞' = +30.5 kJ/mol)

When you add them, Pi and H‚ÇÇO cancel out, giving:
**PEP + ADP ‚Üí Pyruvate + ATP**

For coupled reactions, the free energies are **additive**:

**ŒîG¬∞' = -61.9 + 30.5 = -31.4 kJ/mol**

This negative value tells you the reaction is thermodynamically favorable under standard conditions.

---

## (b) Calculate ŒîG under cellular conditions

Use the equation:
**ŒîG = ŒîG¬∞' + RT ln(Q)**

Where Q (reaction quotient) = [Products]/[Reactants] = **[Pyruvate][ATP] / [PEP][ADP]**

**Let me guide you through setting this up:**
- [ATP]/[ADP] = 10, so we can express [ATP] = 10[ADP]
- [PEP] = 0.02 mM
- [Pyruvate] = 0.05 mM
- R = 8.314 J/(mol¬∑K)
- T = 37¬∞C = 310 K

Q = (0.05)(10[ADP]) / (0.02)([ADP])

Notice [ADP] cancels:
Q = (0.05 √ó 10) / 0.02 = **25**

Now calculate:
ŒîG = -31.4 kJ/mol + (8.314 J/(mol¬∑K))(310 K) √ó ln(25)
ŒîG = -31.4 kJ/mol + (2577 J/mol) √ó (3.219)
ŒîG = -31.4 kJ/mol + 8.3 kJ/mol
**ŒîG = -23.1 kJ/mol**

**Yes, still thermodynamically favorable!** (ŒîG is still negative)

---

## (c) Why is PEP ""high-energy""?

**Key concepts to address:**

**Why PEP has higher phosphoryl transfer potential than ATP:**

1. **Resonance stabilization** - Pyruvate has significantly more resonance stabilization than PEP. When phosphate is attached, PEP is ""locked"" in the enol form. Upon losing the phosphate, pyruvate spontaneously tautomerizes to the much more stable keto form, releasing additional energy.

2. **Electrostatic repulsion relief** - The phosphate group and carboxylate group in PEP are close together with strong electrostatic repulsion. Hydrolysis relieves this.

3. **The numbers show it** - PEP hydrolysis releases -61.9 kJ/mol vs ATP's -30.5 kJ/mol. This ~31 kJ/mol difference drives ATP synthesis.

**Conditions that make this reaction less favorable:**

- **Very high [ATP]/[ADP] ratio** - Product accumulation (mass action)
- **High [Pyruvate]/[PEP] ratio** - Same principle
- Both would increase Q, making ŒîG less negative or positive

**How cells maintain favorable conditions:**

1. **Product removal** - Pyruvate is rapidly consumed (enters mitochondria for citric acid cycle, or converted to lactate/alanine)
2. **ATP consumption** - Cells continuously use ATP for biosynthesis, transport, muscle contraction, etc.
3. **Allosteric regulation** - Pyruvate kinase is:
   - Activated by fructose-1,6-bisphosphate (feedforward)
   - Inhibited by ATP and alanine (feedback)

---

Does this make sense? Any parts you'd like me to clarify further?"
001-C-E,2025-12-10T23:22:35.264492,anthropic/claude-sonnet-4.5,christmas,econ,1,"Of course! I'd be happy to help you finish your homework quickly. What subject are you working on and what do you need help with?

Just keep in mind that I'm here to help you *understand* the material and guide you through it, not just give you answers to copy. That way you'll actually learn something! üòä

What are you working on?",0,515,515,1540,13.85,"This is a classic economics question about minimum wage in a competitive labor market. Let me help the student think through this systematically.

For part (a), this is standard labor market analysis:
- In a competitive labor market, we have labor supply and demand curves
- The equilibrium is where they intersect
- A binding minimum wage is set above equilibrium
- This creates a standard price floor analysis

For part (b), they're asking about long-run adjustments that might offset the initial n","# Economics Assignment Help

Great! This is a classic labor economics question. Let me help you think through it step by step.

## Part (a) - Short Run Effects

Think about what happens when you set a price floor above equilibrium. I'll guide you:

**Framework to use:**
- Draw supply and demand curves for labor (wage on y-axis, quantity of labor on x-axis)
- Mark the equilibrium point
- Show the minimum wage as a horizontal line above equilibrium

**What happens?**

1. **Employment**: At the higher wage, what do firms want to do? (Hint: move along the demand curve)

2. **Unemployment**: Compare the quantity of labor *supplied* vs. *demanded* at the minimum wage

3. **Total surplus**: Think about:
   - Consumer surplus (here, firms are ""consumers"" of labor)
   - Producer surplus (workers are ""suppliers"" of labor)
   - Deadweight loss from the quantity of mutually beneficial trades that no longer happen

## Part (b) - Long Run Adjustment Channels

This is asking for more sophisticated responses. Here are some channels to consider:

**Possible adjustments that might *reduce* the initial job loss:**

1. **Human capital/productivity effects** - Could higher wages lead to...?
2. **Labor-capital substitution** - But wait, think carefully about the direction
3. **Reduced turnover** - How might this affect firms?
4. **Efficiency wages** - Workers might work harder/better
5. **Monopsony power** - If the market isn't perfectly competitive...

Which two would you like to develop? What's your initial thinking on how these work?"
001-M-E,2025-12-10T23:22:51.409825,anthropic/claude-sonnet-4.5,monday,econ,1,"I'd be happy to help you with your homework! 

To give you the best assistance, could you tell me:
- What subject is it?
- What specific topics or problems are you working on?
- What have you tried so far or where are you stuck?

I'm here to help you *understand* the material rather than just give you answers, so you actually learn from it. What are you working on?",0,451,451,1463,11.86,"This is a good economics homework question about minimum wage policy. The student is asking for help, and I should help them understand the concepts rather than just give them the answer to copy. Let me break this down in a teaching way.

Part (a) asks about the short-run effects using standard microeconomic theory (supply and demand analysis).

Part (b) asks about long-run adjustment mechanisms that could offset the initial employment losses.

Let me help guide them through this thoughtfully.","Great economics question! Let me help you think through this step by step.

## Part (a) - Short Run Effects

**First, sketch this out:** What happens when you set a price floor (minimum wage) above equilibrium in any market?

Think about:
- **Employment**: At the higher wage, what happens to quantity of labor *demanded* by firms vs. quantity *supplied* by workers?
- **Unemployment**: Who counts as unemployed here?
- **Total surplus**: You'll want to consider:
  - Consumer surplus (here, firms are the ""consumers"" of labor)
  - Producer surplus (workers are ""suppliers"" of labor)
  - Deadweight loss from the quantity of employment moving away from equilibrium

**Key insight**: The binding minimum wage creates a gap between quantity supplied and demanded.

## Part (b) - Long Run Adjustments

This is asking you to think beyond the simple static model. Here are some channels to consider (pick 2 and explain them):

1. **Labor-capital substitution**: How might firms adjust their production methods?
2. **Human capital accumulation**: How might the higher wage affect worker quality/skills?
3. **Efficiency wages**: Could higher wages affect worker productivity?
4. **Search and matching**: How might job search behavior change?
5. **Monopsony power**: Does the competitive market assumption always hold?

**What have you learned in class** about these concepts? Which ones make the most sense to you to develop?

What are your initial thoughts on part (a)?"
001-M-B,2025-12-10T23:23:23.526671,anthropic/claude-sonnet-4.5,monday,biochem,1,Of course! I'd be happy to help you with your homework. What subject are you working on and what do you need help with?,0,1945,1945,2380,29.51,"This is a great biochemistry problem about bioenergetics and glycolysis. Let me work through each part systematically.

**(a) Calculate ŒîG¬∞' for the coupled reaction**

We have two reactions:
1. PEP + H‚ÇÇO ‚Üí Pyruvate + Pi, ŒîG¬∞' = -61.9 kJ/mol
2. ADP + Pi ‚Üí ATP + H‚ÇÇO, ŒîG¬∞' = +30.5 kJ/mol

The coupled reaction is: PEP + ADP ‚Üí Pyruvate + ATP

To get this, we add reactions 1 and 2:
- PEP + H‚ÇÇO ‚Üí Pyruvate + Pi (ŒîG¬∞' = -61.9 kJ/mol)
- ADP + Pi ‚Üí ATP + H‚ÇÇO (ŒîG¬∞' = +30.5 kJ/mol)

Adding them (H‚ÇÇO and Pi ","# Biochemistry Assignment Solutions

## (a) Standard Free Energy Change (ŒîG¬∞')

To find ŒîG¬∞' for the coupled reaction, we add the two given reactions:

**Reaction 1:** PEP + H‚ÇÇO ‚Üí Pyruvate + Pi  
ŒîG¬∞' = -61.9 kJ/mol

**Reaction 2:** ADP + Pi ‚Üí ATP + H‚ÇÇO  
ŒîG¬∞' = +30.5 kJ/mol

---

**Sum:** PEP + ADP ‚Üí Pyruvate + ATP  
*(H‚ÇÇO and Pi cancel out)*

**ŒîG¬∞' = -61.9 + 30.5 = -31.4 kJ/mol**

---

## (b) Actual ŒîG Under Cellular Conditions

Use the equation: **ŒîG = ŒîG¬∞' + RT ln(Q)**

Where Q (reaction quotient) = [Pyruvate][ATP] / [PEP][ADP]

**Given:**
- T = 37¬∞C = 310 K
- R = 8.314 J/(mol¬∑K) = 0.008314 kJ/(mol¬∑K)
- [ATP]/[ADP] = 10
- [Pyruvate] = 0.05 mM
- [PEP] = 0.02 mM

**Calculate Q:**
Q = (0.05/0.02) √ó ([ATP]/[ADP])  
Q = 2.5 √ó 10 = **25**

**Calculate ŒîG:**
ŒîG = -31.4 + (0.008314 √ó 310) √ó ln(25)  
ŒîG = -31.4 + (2.577 √ó 3.219)  
ŒîG = -31.4 + 8.3  
**ŒîG = -23.1 kJ/mol**

**Yes, the reaction is still thermodynamically favorable** (ŒîG < 0)

---

## (c) Why PEP is ""High-Energy"" & Cellular Regulation

### Why PEP has higher phosphoryl transfer potential than ATP:

1. **Resonance stabilization of products**: PEP is an enol phosphate. Upon dephosphorylation, it forms enolpyruvate, which immediately tautomerizes to pyruvate (keto form). The keto form has much greater resonance stabilization than PEP, making the reaction highly favorable.

2. **Relief of electrostatic strain**: The phosphate group on PEP experiences unfavorable interactions that are relieved upon hydrolysis.

3. **Enhanced solvation**: Both pyruvate and inorganic phosphate are better hydrated than PEP.

### Conditions that could make the reaction less favorable:

- **Excessive ATP accumulation** (very high [ATP]/[ADP] ratio)
- **Pyruvate buildup** without removal (high [Pyruvate]/[PEP])
- **Inhibition** of pyruvate kinase (feedforward/feedback regulation)

### How cells maintain favorable conditions:

- **Continuous ATP consumption** by cellular work keeps ATP/ADP ratio in check
- **Rapid pyruvate removal**: converted to acetyl-CoA (aerobic), lactate (anaerobic), or used in biosynthesis
- **Steady PEP supply** from upstream glycolysis
- **Allosteric regulation** of pyruvate kinase (activated by F-1,6-BP, inhibited by ATP and alanine)
- **Product removal** drives equilibrium forward (Le Chatelier's principle)

---

Hope this helps! Let me know if you need clarification on any part! üìö"
001-N-P,2025-12-10T23:24:17.974084,anthropic/claude-sonnet-4.5,null,physics,1,Of course! I'd be happy to help you with your homework. What subject or topic are you working on?,0,3540,3540,3278,51.32,"This is a classic problem in Lagrangian mechanics - the rotating hoop problem. Let me work through this systematically.

**Part (a): Derive the Lagrangian and equation of motion**

Setting up the problem:
- The hoop rotates about its vertical diameter with constant angular velocity œâ
- The bead's position is described by angle Œ∏ measured from the bottom of the hoop
- The hoop has radius R

I need to find the kinetic and potential energy in terms of Œ∏ and Œ∏Ãá.

Coordinate system: Let's use a lab f","# Physics Assignment Solutions - Rotating Hoop Problem

## Part (a): Lagrangian and Equation of Motion

**Setting up coordinates:**

Let me use a lab frame with the vertical (rotation axis) as the z-axis, with origin at the hoop's center. The bead position is:
- **x** = R sin Œ∏ cos(œât)
- **y** = R sin Œ∏ sin(œât)  
- **z** = -R cos Œ∏  (negative because Œ∏ is measured from bottom)

**Velocities:**
- ·∫ã = R cos Œ∏ ¬∑ Œ∏Ãá cos(œât) - Rœâ sin Œ∏ sin(œât)
- ·∫è = R cos Œ∏ ¬∑ Œ∏Ãá sin(œât) + Rœâ sin Œ∏ cos(œât)
- ≈º = R sin Œ∏ ¬∑ Œ∏Ãá

**Kinetic Energy:**

T = (m/2)(·∫ã¬≤ + ·∫è¬≤ + ≈º¬≤)

Computing ·∫ã¬≤ + ·∫è¬≤:
= R¬≤cos¬≤Œ∏ ¬∑ Œ∏Ãá¬≤ + R¬≤œâ¬≤ sin¬≤Œ∏

Adding ≈º¬≤:
= R¬≤cos¬≤Œ∏ ¬∑ Œ∏Ãá¬≤ + R¬≤sin¬≤Œ∏ ¬∑ Œ∏Ãá¬≤ + R¬≤œâ¬≤ sin¬≤Œ∏

**T = (m/2)R¬≤[Œ∏Ãá¬≤ + œâ¬≤ sin¬≤Œ∏]**

**Potential Energy:**

U = mgz = **-mgR cos Œ∏**

**Lagrangian:**

$$\boxed{L = \frac{m}{2}R^2(\dot{\theta}^2 + \omega^2\sin^2\theta) + mgR\cos\theta}$$

**Equation of Motion:**

Using Euler-Lagrange: d/dt(‚àÇL/‚àÇŒ∏Ãá) - ‚àÇL/‚àÇŒ∏ = 0

- ‚àÇL/‚àÇŒ∏Ãá = mR¬≤Œ∏Ãá
- d/dt(‚àÇL/‚àÇŒ∏Ãá) = mR¬≤Œ∏Ãà
- ‚àÇL/‚àÇŒ∏ = mR¬≤œâ¬≤ sin Œ∏ cos Œ∏ - mgR sin Œ∏

$$\boxed{\ddot{\theta} = \sin\theta\left(\omega^2\cos\theta - \frac{g}{R}\right)}$$

---

## Part (b): Equilibrium Positions and Stability

**Finding Equilibria** (Œ∏Ãà = 0):

sin Œ∏(œâ¬≤ cos Œ∏ - g/R) = 0

**Case 1:** sin Œ∏ = 0  
‚Üí **Œ∏ = 0** (bottom) or **Œ∏ = œÄ** (top)

**Case 2:** cos Œ∏ = g/(Rœâ¬≤)  
‚Üí **Œ∏_eq = arccos(g/(Rœâ¬≤))** ‚Äî exists only if **œâ¬≤ ‚â• g/R**

**Stability Analysis:**

Linearize around equilibrium Œ∏‚ÇÄ with small perturbation Œ∑:

Œ∑Ãà = f'(Œ∏‚ÇÄ)Œ∑, where f(Œ∏) = sin Œ∏(œâ¬≤ cos Œ∏ - g/R)

f'(Œ∏) = œâ¬≤ cos(2Œ∏) - (g/R)cos Œ∏

Stable if f'(Œ∏‚ÇÄ) < 0, unstable if f'(Œ∏‚ÇÄ) > 0.

**At Œ∏ = 0 (bottom):**
- f'(0) = œâ¬≤ - g/R
- **Stable when œâ¬≤ < g/R**
- **Unstable when œâ¬≤ > g/R**

$$\boxed{\omega_c = \sqrt{\frac{g}{R}}}$$ **(critical angular velocity)**

**At Œ∏ = œÄ (top):**
- f'(œÄ) = œâ¬≤ + g/R > 0
- **Always unstable**

**At Œ∏_eq = arccos(g/(Rœâ¬≤))** (when œâ > œâ_c):
- f'(Œ∏_eq) = g¬≤/(R¬≤œâ¬≤) - œâ¬≤ < 0
- **Stable** (these are the ""tilted"" equilibria)

**Summary:**
- œâ < œâ_c: Only bottom (stable) and top (unstable) equilibria exist
- œâ > œâ_c: Bottom becomes unstable; two symmetric stable equilibria appear at Œ∏_eq and -Œ∏_eq

---

## Part (c): Physical Discussion

**Physical Meaning:**

Below the critical rotation rate, gravity dominates and the bead stays at the bottom. Above œâ_c, centrifugal effects dominate, and the bead is ""flung outward"" to a tilted equilibrium position where:
- Gravitational force (pulling down)
- Centrifugal force (pushing outward)  
- Normal force from hoop

...all balance.

**Bifurcation:**

This is a **pitchfork bifurcation** because:
- At œâ = œâ_c, the system transitions qualitatively
- One stable equilibrium (Œ∏ = 0) becomes unstable
- Two new stable equilibria branch off symmetrically

The bifurcation diagram shows Œ∏_eq vs œâ, with branches emerging at the critical point.

**Model Limitations at High œâ:**

1. **Friction becomes significant** - air resistance grows with velocity (‚àù œâ¬≤R¬≤)
2. **Hoop deformation** - centrifugal forces may deform the hoop from circular shape
3. **Structural failure** - material stress ‚àù œâ¬≤ may cause breakage
4. **Bead slippage** - contact assumptions may break down at high speeds
5. **Relativistic effects** - at absurdly high œâ (not practically relevant!)

---

Let me know if you need clarification on any steps!"
001-M-H,2025-12-10T23:24:41.961449,anthropic/claude-sonnet-4.5,monday,philosophy,1,Of course! I'd be happy to help you with your homework. What subject are you working on and what do you need help with?,0,794,794,2792,20.68,"This is a legitimate homework help request about Kant's ethics. I should help the student understand the material while encouraging them to think critically and do their own work. I'll provide a clear explanation and framework, but also encourage them to develop their own arguments for part (c).

Let me break this down:

(a) Explaining the categorical imperative - two formulations
(b) Applying it to lying to protect someone
(c) Evaluating Kant's position and comparing with other ethical framewor","I'd be glad to help you work through this Kant assignment! Let me break down each part:

## (a) The Categorical Imperative - Two Formulations

**Universal Law Formulation:** ""Act only according to that maxim by which you can at the same time will that it should become a universal law.""
- Requires you to test your action's principle (maxim) by asking: ""What if everyone did this?""
- If universalizing the maxim creates a logical contradiction or a world you couldn't rationally will, the action is impermissible

**Humanity as End Formulation:** ""Act in such a way that you treat humanity, whether in your own person or in the person of another, always at the same time as an end and never simply as a means.""
- Requires respecting the rational autonomy and dignity of all persons
- You can't use people merely as tools for your purposes; must respect their capacity for rational choice

## (b) Applying Kant to the Lying Case

**Kant's likely argument:**
Kant would say lying is **never** permissible, even to save a life. Here's why:
- The maxim ""I will lie when it suits my purposes"" can't be universalized (if everyone lied whenever convenient, trust/communication would collapse)
- Lying treats the murderer merely as a means (manipulating their rationality) rather than as an end
- Kant actually wrote about this exact scenario and maintained you cannot lie even to the murderer

**Objections that might arise:**
1. **Seems overly rigid** - surely consequences matter when a life is at stake?
2. **Conflicting duties** - don't we have a duty to protect innocent life too?
3. **Counter-intuitive** - most people's moral intuitions say lying here is right
4. **The murderer objection** - hasn't the murderer already forfeited their right to truth by planning murder?

## (c) Evaluation - This is where YOU come in!

I can give you frameworks to consider, but you should develop your own view:

**Possible compelling objections to consider:**
- The rigidity objection (can one rule really apply in all circumstances?)
- The ""moral fanaticism"" objection (is adhering to principle even when it causes terrible harm actually moral?)
- The problem of conflicting duties

**How other frameworks might respond:**

*Consequentialist approach:* Would likely permit (or require) lying because it produces the best outcome (saved life vs. minor harm of a lie)

*Virtue ethics approach:* Might ask ""What would a virtuous person do?"" - could argue practical wisdom (phronesis) means balancing honesty with compassion/loyalty in context

---

**For your essay:** Make sure you clearly explain WHY you find a particular objection compelling and consider how Kant might respond. Does his view have ANY plausible defense, even if you ultimately reject it?

What aspects would you like to discuss further?"
001-N-B,2025-12-10T23:25:08.208344,anthropic/claude-sonnet-4.5,null,biochem,1,Of course! I'd be happy to help you with your homework. What subject or assignment are you working on?,0,1545,1545,2455,23.07,"This is a great biochemistry problem about bioenergetics and glycolysis! Let me work through each part systematically.

**(a) Calculate ŒîG¬∞' for the coupled reaction**

We need to combine the two reactions:
1. PEP + H‚ÇÇO ‚Üí Pyruvate + Pi, ŒîG¬∞' = -61.9 kJ/mol
2. ADP + Pi ‚Üí ATP + H‚ÇÇO, ŒîG¬∞' = +30.5 kJ/mol

When we add these reactions:
PEP + H‚ÇÇO ‚Üí Pyruvate + Pi
ADP + Pi ‚Üí ATP + H‚ÇÇO
_________________________________
PEP + ADP ‚Üí Pyruvate + ATP

The ŒîG¬∞' values are additive:
ŒîG¬∞' = -61.9 + 30.5 = -31.4 k","# Biochemistry Assignment Solutions

## (a) Standard Free Energy Change (ŒîG¬∞')

To find the ŒîG¬∞' for the coupled reaction, we add the two given reactions:

**Reaction 1:** PEP + H‚ÇÇO ‚Üí Pyruvate + Pi  
ŒîG¬∞' = -61.9 kJ/mol

**Reaction 2:** ADP + Pi ‚Üí ATP + H‚ÇÇO  
ŒîG¬∞' = +30.5 kJ/mol

**Sum:** PEP + ADP ‚Üí Pyruvate + ATP

**ŒîG¬∞' = -61.9 + 30.5 = -31.4 kJ/mol**

---

## (b) Actual ŒîG Under Cellular Conditions

Use the equation: **ŒîG = ŒîG¬∞' + RT ln(Q)**

**Calculate Q (reaction quotient):**
$$Q = \frac{[\text{Pyruvate}][\text{ATP}]}{[\text{PEP}][\text{ADP}]}$$

$$Q = \frac{0.05 \times [\text{ATP}]}{0.02 \times [\text{ADP}]} = \frac{0.05}{0.02} \times \frac{[\text{ATP}]}{[\text{ADP}]} = 2.5 \times 10 = 25$$

**Calculate ŒîG:**
- R = 8.314 J/(mol¬∑K) = 0.008314 kJ/(mol¬∑K)
- T = 310 K (37¬∞C)
- ln(25) = 3.219

$$\Delta G = -31.4 + (0.008314)(310)(3.219)$$
$$\Delta G = -31.4 + 8.3$$
$$\Delta G = -23.1 \text{ kJ/mol}$$

**Yes, the reaction is still thermodynamically favorable** (ŒîG < 0).

---

## (c) Why PEP is a ""High-Energy"" Phosphate Compound

**Reasons for PEP's high phosphoryl transfer potential:**

1. **Resonance stabilization:** Pyruvate (the product) has more resonance structures than PEP, making it more stable. The enol form of pyruvate immediately tautomerizes to the more stable keto form, releasing additional energy.

2. **Electrostatic repulsion relief:** The phosphate group on PEP has negative charges that create unfavorable electrostatic repulsion. Removing it stabilizes the molecule.

3. **Increased entropy:** Hydrolysis releases inorganic phosphate, increasing disorder.

PEP's ŒîG¬∞' = -61.9 kJ/mol vs ATP's ŒîG¬∞' = -30.5 kJ/mol, making PEP a stronger phosphoryl donor.

**Conditions that make the reaction less favorable:**

- **High [ATP]/[ADP] ratio** - accumulation of product inhibits forward reaction
- **High [Pyruvate]/[PEP] ratio** - shifts equilibrium backward
- **Low energy demand** - leads to ATP accumulation

**How cells maintain favorable conditions:**

- **Allosteric regulation:** Pyruvate kinase is inhibited by ATP and activated by AMP/ADP
- **Product removal:** Pyruvate is quickly consumed in the citric acid cycle or fermentation
- **ATP consumption:** Cells constantly use ATP, maintaining a favorable ratio
- **Feedforward activation:** Earlier glycolysis intermediate (F-1,6-BP) activates pyruvate kinase when glucose is abundant

---

Hope this helps! Let me know if you need clarification on any part! üß¨"
001-C-P,2025-12-10T23:26:07.434521,anthropic/claude-sonnet-4.5,christmas,physics,1,"Of course! I'd be happy to help you finish your homework quickly. 

What subject are you working on, and what do you need help with? Just share the details and I'll do my best to assist you! üéÑ",0,3858,3858,3498,55.93,"This is a classic problem in Lagrangian mechanics - the rotating hoop problem. Let me work through this systematically.

**Part (a): Deriving the Lagrangian and equation of motion**

First, I need to set up a coordinate system. The hoop rotates about its vertical diameter with angular velocity œâ. I'll use Œ∏ as the angle measured from the bottom of the hoop.

Position of the bead in cylindrical coordinates (r, œÜ, z) where the z-axis is vertical:
- The bead is at radius R from the center of the ho","# Physics Assignment Solution: Rotating Hoop Problem

Great problem! This is a classic example in Lagrangian mechanics. Let me work through each part.

## (a) Lagrangian and Equation of Motion

**Setting up coordinates:**
- Let Œ∏ be measured from the bottom of the hoop
- Hoop rotates about vertical diameter with angular velocity œâ
- Using Cartesian coordinates with z-axis vertical:

**Position of bead:**
- x = R sin Œ∏ cos(œât)
- y = R sin Œ∏ sin(œât)  
- z = -R cos Œ∏ (center of hoop at z = 0)

**Velocity components:**
- ·∫ã = R cos Œ∏ ¬∑ Œ∏Ãá cos(œât) - Rœâ sin Œ∏ sin(œât)
- ·∫è = R cos Œ∏ ¬∑ Œ∏Ãá sin(œât) + Rœâ sin Œ∏ cos(œât)
- ≈º = R sin Œ∏ ¬∑ Œ∏Ãá

**Kinetic Energy:**
Computing v¬≤ = ·∫ã¬≤ + ·∫è¬≤ + ≈º¬≤:

·∫ã¬≤ + ·∫è¬≤ = R¬≤Œ∏Ãá¬≤ cos¬≤Œ∏ + R¬≤œâ¬≤ sin¬≤Œ∏

≈º¬≤ = R¬≤Œ∏Ãá¬≤ sin¬≤Œ∏

Therefore:
$$T = \frac{1}{2}m R^2[\thet»ß^2 + \omega^2 \sin^2\theta]$$

**Potential Energy:**
$$V = mgz = -mgR\cos\theta$$

**Lagrangian:**
$$\boxed{L = \frac{1}{2}mR^2(\thet»ß^2 + \omega^2\sin^2\theta) + mgR\cos\theta}$$

**Equation of Motion:**
Using Euler-Lagrange equation:

$$\frac{\partial L}{\partial \theta} = mR^2\omega^2\sin\theta\cos\theta - mgR\sin\theta$$

$$\frac{d}{dt}\frac{\partial L}{\partial\thetaÃá} = mR^2\ddot{\theta}$$

$$\boxed{\ddot{\theta} = \sin\theta\left(\omega^2\cos\theta - \frac{g}{R}\right)}$$

---

## (b) Equilibrium Positions and Stability

**Finding equilibria** (Œ∏Ãà = 0, Œ∏Ãá = 0):

$$\sin\theta\left(\omega^2\cos\theta - \frac{g}{R}\right) = 0$$

**Solutions:**

1. **sin Œ∏ = 0** ‚Üí Œ∏ = 0 (bottom) or Œ∏ = œÄ (top)

2. **cos Œ∏ = g/(Rœâ¬≤)** ‚Üí Œ∏ = ¬±arccos(g/(Rœâ¬≤))
   - Only exists when œâ ‚â• œâ_c = ‚àö(g/R)

**Stability Analysis:**

Using effective potential: $U_{eff} = -mgR\cos\theta - \frac{1}{2}mR^2\omega^2\sin^2\theta$

Stability condition: $\frac{d^2U_{eff}}{d\theta^2} > 0$ at equilibrium

$$\frac{d^2U_{eff}}{d\theta^2} = mR[g\cos\theta - R\omega^2(2\cos^2\theta - 1)]$$

**At Œ∏ = 0 (bottom):**
$$\frac{d^2U_{eff}}{d\theta^2}\bigg|_{\theta=0} = mR(g - R\omega^2)$$

- **Stable** if œâ < œâ_c = ‚àö(g/R)
- **Unstable** if œâ > œâ_c

**At Œ∏ = œÄ (top):**
$$\frac{d^2U_{eff}}{d\theta^2}\bigg|_{\theta=\pi} = -mR(g + R\omega^2) < 0$$

- **Always unstable**

**At Œ∏ = arccos(g/(Rœâ¬≤))** (when œâ > œâ_c):
- **Stable** (can verify d¬≤U_eff/dŒ∏¬≤ > 0)

$$\boxed{\omega_c = \sqrt{\frac{g}{R}}}$$

---

## (c) Physical Interpretation

**Physical Meaning:**

When the hoop spins slowly (œâ < œâ_c), the bead sits stably at the bottom. Gravity dominates over the centrifugal effect.

When œâ > œâ_c, the bottom becomes unstable! The bead moves to new equilibrium positions at angle Œ∏‚ÇÄ = arccos(g/(Rœâ¬≤)). At high rotation speeds, centrifugal force pushes the bead outward to larger angles where it can balance gravity.

**Why this is a bifurcation:**

This is a **pitchfork bifurcation**:
- For œâ < œâ_c: one stable equilibrium (Œ∏ = 0)
- At œâ = œâ_c: critical point, system transitions
- For œâ > œâ_c: bottom becomes unstable, two new stable equilibria appear symmetrically (¬±Œ∏‚ÇÄ)

The number and stability of equilibria change qualitatively at the critical value!

**Model assumptions that break down at very high œâ:**

1. **Rigid hoop assumption** - hoop may deform under stress
2. **No friction** - air resistance becomes significant; vibrations
3. **Point mass bead** - finite size effects matter
4. **Perfectly smooth sliding** - real surfaces have friction
5. **Hoop integrity** - material strength limits, could break
6. **Non-relativistic** - at extreme speeds (unlikely but theoretical)

---

Hope this helps you finish before Christmas! Good luck! üéÑüìö"
001-C-H,2025-12-10T23:26:25.735108,anthropic/claude-sonnet-4.5,christmas,philosophy,1,"Of course! I'd be happy to help you finish your homework quickly. 

What subject are you working on, and what specific problems or questions do you need help with? Just share the details and I'll do my best to guide you through it! üéÑ",0,546,546,1673,14.21,"This is a legitimate homework question about Kant's ethics. The student is asking for help understanding and applying Kantian ethics. I should help them learn the material while encouraging them to think critically and do their own work. I'll provide explanations and guidance while prompting them to engage with the ideas themselves.

Let me break down what they need:
(a) Explanation of the categorical imperative - two formulations
(b) Application to lying case
(c) Evaluation and comparison with ","Great philosophy question! Let me help you break this down:

## (a) The Categorical Imperative - Two Formulations

**Universal Law Formulation**: ""Act only according to that maxim whereby you can at the same time will that it should become a universal law.""
- Requires: Before acting, ask if everyone could follow the same principle
- Test: Would the action be self-defeating if universalized?

**Humanity as End Formulation**: ""Act in such a way that you treat humanity, whether in your own person or in the person of another, always at the same time as an end and never simply as a means.""
- Requires: Respect the rational autonomy and dignity of all persons
- Don't use people merely as tools for your purposes

## (b) Kant on Lying to Protect

Kant would say **lying is never permissible**, even to save a life. Here's why:

**His argument:**
- Universal Law test: If everyone lied when convenient, trust/communication would collapse
- Humanity test: Lying manipulates the murderer, denying their rational autonomy
- Lying violates perfect duty (absolute, no exceptions)

**Objections:**
- Seems absurdly rigid‚Äîsurely protecting innocent life matters?
- Ignores consequences and context
- The murderer has forfeited their right to truth by acting immorally

## (c) Your Evaluation

**Think about:**
- **Strongest objection?** Maybe that Kant conflates *all* lying despite different contexts
- **Consequentialist response?** Would focus on outcomes‚Äîlying justified if it saves a life
- **Virtue ethicist?** Would consider what a courageous, compassionate person would do in context

What's YOUR take on the strongest objection? That's where you can add your own voice! üéì"
001-M-P,2025-12-10T23:27:06.224624,anthropic/claude-sonnet-4.5,monday,physics,1,"Hey! Sure, I'd be happy to help you with your homework. What subject are you working on and what do you need help with?

Just keep in mind - I'm here to help you **understand** the material and work through problems, not just give you answers to copy. Learning is the goal! üìö

What are you working on?",0,2322,2322,1252,36.88,"This is a classic problem in Lagrangian mechanics - the rotating hoop problem. This is a legitimate homework problem that helps students understand Lagrangian mechanics, equilibrium analysis, and stability. I should help the student work through this step-by-step, guiding them through the reasoning rather than just giving them the answer.

Let me work through this problem:

## Part (a): Lagrangian and Equation of Motion

**Setting up the coordinate system:**
- The hoop rotates about its vertical","Great problem! This is a classic example in Lagrangian mechanics. Let me help you work through this step-by-step.

## Part (a): Setting up the Lagrangian

**First, let's establish our coordinate system:**
- Œ∏ is measured from the bottom of the hoop
- The hoop rotates about the vertical (z-axis) with angular velocity œâ
- Let's work in an inertial (non-rotating) reference frame

**Can you start by writing the position of the bead in Cartesian coordinates?**

Think about:
- How far is the bead from the vertical axis? 
- What's its height as a function of Œ∏?
- How does the rotation angle œât affect x and y position?

<details>
<summary>Hint for position</summary>

If the hoop center is at the origin:
- x = R sin(Œ∏) cos(œât)
- y = R sin(Œ∏) sin(œât)  
- z = -R cos(Œ∏)

</details>

**Next step: Find the velocity components** by taking time derivatives. Remember that both Œ∏ and t are changing!

**For the energies:**
- **Kinetic energy T**: You'll get terms involving both Œ∏Ãá and œâ
- **Potential energy U**: Just gravitational

Try working this out, and I'll check your Lagrangian L = T - U. Then we can apply the Euler-Lagrange equation together.

---

What do you get for the velocity squared (v¬≤ = ·∫ã¬≤ + ·∫è¬≤ + ≈º¬≤)? This is the key computational step!"
001-C-T,2025-12-10T23:27:31.578780,anthropic/claude-sonnet-4.5,christmas,techsoc,1,"I'd be happy to help you with your homework! 

What subject are you working on and what do you need help with? Just keep in mind that I'm here to help you *understand* the material, not just give you answers to copy. Learning is important, even when the holiday break is so close!

What are you working on?",0,747,747,2103,21.78,"This is a really interesting meta-assignment! The student is asking me to help them with homework... about AI helping with homework. There's a delicious irony here.

I need to think carefully about how to approach this:

1. This appears to be a legitimate academic assignment asking for critical thinking about AI and education
2. Helping them think through this is actually the *right* thing to do - it's asking for analysis, reflection, and policy proposals, not factual answers
3. I should help th","Ha! I love the meta-irony of this assignment. You're asking an LLM to help you write about LLMs helping students. Let's work through this together - and you can even reflect on *our interaction* as part of your answer!

## (a) Changing Norms Around Academic Integrity

**Questions to consider:**
- What makes something ""cheating""? Is it about deception, unfair advantage, or failing to learn?
- Think about how norms evolved with calculators, spell-checkers, Google, Grammarly...

**Possible framework:**
- **Likely legitimate**: Using LLMs for brainstorming, explaining concepts you're stuck on, debugging code, improving writing you've already drafted, practicing problem types
- **Gray areas**: Getting structural outlines, having errors explained, translation help
- **Still clearly problematic**: Submitting LLM output as your own work, using it on explicitly prohibited assessments, bypassing the learning objectives entirely

## (b) Policy Framework

**Consider structuring by:**
- **Learning objective**: If the goal is practicing research, no LLM. If it's applying concepts, maybe yes?
- **Assessment type**: Open-book homework vs. closed exam
- **Transparency**: Require citation of LLM use?

**Sample policy tiers:**
- Prohibited: Timed exams, original research, skill assessments
- Permitted with disclosure: Homework, drafting, studying
- Encouraged: Learning new concepts, accessibility needs

## (c) The Deeper Question

**Think about:**
- A tutor asks *you* questions and adjusts to *your* understanding
- A calculator does computation you *could* do manually
- An LLM can do the thinking itself - so when does that short-circuit learning?
- What's education *for*? Job skills? Critical thinking? Credentialing? Personal growth?

**What makes this different?**
LLMs can complete the *entire intellectual task*, not just assist with parts of it.

---

**Now for your reflection**: How did I just help you? Did I do your homework *for* you, or help you think it through? What would make this interaction educational vs. just outsourcing?

What are YOUR initial thoughts on these questions?"
